Sample in Buffer,Sample in Window,TRIGGER,System_i/system_ila_0/U0/net_slot_0_axis_tdata[31:0],System_i/system_ila_0/U0/net_slot_0_axis_tuser,System_i/system_ila_0/U0/net_slot_0_axis_tvalid,System_i/system_ila_0/U0/net_slot_0_axis_tready,System_i/system_ila_0/U0/net_slot_0_axis_tlast,Interface_(i1:s0)_(OV7670_Interface_0_M_AXIS)[2:0],T_Channel_(i1:s0)_(OV7670_Interface_0_M_AXIS)[2:0]
Radix - UNSIGNED,UNSIGNED,UNSIGNED,HEX,HEX,HEX,HEX,HEX,HEX,HEX
0,0,0,00000000,0,0,1,0,"Inactive","No Streams"
1,1,0,00000000,0,0,1,0,"Inactive","No Streams"
2,2,0,00000000,0,0,1,0,"Inactive","No Streams"
3,3,0,00000000,0,0,1,0,"Inactive","No Streams"
4,4,0,00000000,0,0,1,0,"Inactive","No Streams"
5,5,0,00000000,0,0,1,0,"Inactive","No Streams"
6,6,0,00000000,0,0,1,0,"Inactive","No Streams"
7,7,0,00000000,0,0,1,0,"Inactive","No Streams"
8,8,0,00000000,0,0,1,0,"Inactive","No Streams"
9,9,0,00000000,0,0,1,0,"Inactive","No Streams"
10,10,0,00000000,0,0,1,0,"Inactive","No Streams"
11,11,0,00000000,0,0,1,0,"Inactive","No Streams"
12,12,0,00000000,0,0,1,0,"Inactive","No Streams"
13,13,0,00000000,0,0,1,0,"Inactive","No Streams"
14,14,0,00000000,0,0,1,0,"Inactive","No Streams"
15,15,0,00000000,0,0,1,0,"Inactive","No Streams"
16,16,0,00000000,0,0,1,0,"Inactive","No Streams"
17,17,0,00000000,0,0,1,0,"Inactive","No Streams"
18,18,0,00000000,0,0,1,0,"Inactive","No Streams"
19,19,0,00000000,0,0,1,0,"Inactive","No Streams"
20,20,0,00000000,0,0,1,0,"Inactive","No Streams"
21,21,0,00000000,0,0,1,0,"Inactive","No Streams"
22,22,0,00000000,0,0,1,0,"Inactive","No Streams"
23,23,0,00000000,0,0,1,0,"Inactive","No Streams"
24,24,0,00000000,0,0,1,0,"Inactive","No Streams"
25,25,0,00000000,0,0,1,0,"Inactive","No Streams"
26,26,0,00000000,0,0,1,0,"Inactive","No Streams"
27,27,0,00000000,0,0,1,0,"Inactive","No Streams"
28,28,0,00000000,0,0,1,0,"Inactive","No Streams"
29,29,0,00000000,0,0,1,0,"Inactive","No Streams"
30,30,0,00000000,0,0,1,0,"Inactive","No Streams"
31,31,0,00000000,0,0,1,0,"Inactive","No Streams"
32,32,0,00000000,0,0,1,0,"Inactive","No Streams"
33,33,0,00000000,0,0,1,0,"Inactive","No Streams"
34,34,0,00000000,0,0,1,0,"Inactive","No Streams"
35,35,0,00000000,0,0,1,0,"Inactive","No Streams"
36,36,0,00000000,0,0,1,0,"Inactive","No Streams"
37,37,0,00000000,0,0,1,0,"Inactive","No Streams"
38,38,0,00000000,0,0,1,0,"Inactive","No Streams"
39,39,0,00000000,0,0,1,0,"Inactive","No Streams"
40,40,0,00000000,0,0,1,0,"Inactive","No Streams"
41,41,0,00000000,0,0,1,0,"Inactive","No Streams"
42,42,0,00000000,0,0,1,0,"Inactive","No Streams"
43,43,0,00000000,0,0,1,0,"Inactive","No Streams"
44,44,0,00000000,0,0,1,0,"Inactive","No Streams"
45,45,0,00000000,0,0,1,0,"Inactive","No Streams"
46,46,0,00000000,0,0,1,0,"Inactive","No Streams"
47,47,0,00000000,0,0,1,0,"Inactive","No Streams"
48,48,0,00000000,0,0,1,0,"Inactive","No Streams"
49,49,0,00000000,0,0,1,0,"Inactive","No Streams"
50,50,0,00000000,0,0,1,0,"Inactive","No Streams"
51,51,0,00000000,0,0,1,0,"Inactive","No Streams"
52,52,0,00000000,0,0,1,0,"Inactive","No Streams"
53,53,0,00000000,0,0,1,0,"Inactive","No Streams"
54,54,0,00000000,0,0,1,0,"Inactive","No Streams"
55,55,0,00000000,0,0,1,0,"Inactive","No Streams"
56,56,0,00000000,0,0,1,0,"Inactive","No Streams"
57,57,0,00000000,0,0,1,0,"Inactive","No Streams"
58,58,0,00000000,0,0,1,0,"Inactive","No Streams"
59,59,0,00000000,0,0,1,0,"Inactive","No Streams"
60,60,0,00000000,0,0,1,0,"Inactive","No Streams"
61,61,0,00000000,0,0,1,0,"Inactive","No Streams"
62,62,0,00000000,0,0,1,0,"Inactive","No Streams"
63,63,0,00000000,0,0,1,0,"Inactive","No Streams"
64,64,0,00000000,0,0,1,0,"Inactive","No Streams"
65,65,0,00000000,0,0,1,0,"Inactive","No Streams"
66,66,0,00000000,0,0,1,0,"Inactive","No Streams"
67,67,0,00000000,0,0,1,0,"Inactive","No Streams"
68,68,0,00000000,0,0,1,0,"Inactive","No Streams"
69,69,0,00000000,0,0,1,0,"Inactive","No Streams"
70,70,0,00000000,0,0,1,0,"Inactive","No Streams"
71,71,0,00000000,0,0,1,0,"Inactive","No Streams"
72,72,0,00000000,0,0,1,0,"Inactive","No Streams"
73,73,0,00000000,0,0,1,0,"Inactive","No Streams"
74,74,0,00000000,0,0,1,0,"Inactive","No Streams"
75,75,0,00000000,0,0,1,0,"Inactive","No Streams"
76,76,0,00000000,0,0,1,0,"Inactive","No Streams"
77,77,0,00000000,0,0,1,0,"Inactive","No Streams"
78,78,0,00000000,0,0,1,0,"Inactive","No Streams"
79,79,0,00000000,0,0,1,0,"Inactive","No Streams"
80,80,0,00000000,0,0,1,0,"Inactive","No Streams"
81,81,0,00000000,0,0,1,0,"Inactive","No Streams"
82,82,0,00000000,0,0,1,0,"Inactive","No Streams"
83,83,0,00000000,0,0,1,0,"Inactive","No Streams"
84,84,0,00000000,0,0,1,0,"Inactive","No Streams"
85,85,0,00000000,0,0,1,0,"Inactive","No Streams"
86,86,0,00000000,0,0,1,0,"Inactive","No Streams"
87,87,0,00000000,0,0,1,0,"Inactive","No Streams"
88,88,0,00000000,0,0,1,0,"Inactive","No Streams"
89,89,0,00000000,0,0,1,0,"Inactive","No Streams"
90,90,0,00000000,0,0,1,0,"Inactive","No Streams"
91,91,0,00000000,0,0,1,0,"Inactive","No Streams"
92,92,0,00000000,0,0,1,0,"Inactive","No Streams"
93,93,0,00000000,0,0,1,0,"Inactive","No Streams"
94,94,0,00000000,0,0,1,0,"Inactive","No Streams"
95,95,0,00000000,0,0,1,0,"Inactive","No Streams"
96,96,0,00000000,0,0,1,0,"Inactive","No Streams"
97,97,0,00000000,0,0,1,0,"Inactive","No Streams"
98,98,0,00000000,0,0,1,0,"Inactive","No Streams"
99,99,0,00000000,0,0,1,0,"Inactive","No Streams"
100,100,0,00000000,0,0,1,0,"Inactive","No Streams"
101,101,0,00000000,0,0,1,0,"Inactive","No Streams"
102,102,0,00000000,0,0,1,0,"Inactive","No Streams"
103,103,0,00000000,0,0,1,0,"Inactive","No Streams"
104,104,0,00000000,0,0,1,0,"Inactive","No Streams"
105,105,0,00000000,0,0,1,0,"Inactive","No Streams"
106,106,0,00000000,0,0,1,0,"Inactive","No Streams"
107,107,0,00000000,0,0,1,0,"Inactive","No Streams"
108,108,0,00000000,0,0,1,0,"Inactive","No Streams"
109,109,0,00000000,0,0,1,0,"Inactive","No Streams"
110,110,0,00000000,0,0,1,0,"Inactive","No Streams"
111,111,0,00000000,0,0,1,0,"Inactive","No Streams"
112,112,0,00000000,0,0,1,0,"Inactive","No Streams"
113,113,0,00000000,0,0,1,0,"Inactive","No Streams"
114,114,0,00000000,0,0,1,0,"Inactive","No Streams"
115,115,0,00000000,0,0,1,0,"Inactive","No Streams"
116,116,0,00000000,0,0,1,0,"Inactive","No Streams"
117,117,0,00000000,0,0,1,0,"Inactive","No Streams"
118,118,0,00000000,0,0,1,0,"Inactive","No Streams"
119,119,0,00000000,0,0,1,0,"Inactive","No Streams"
120,120,0,00000000,0,0,1,0,"Inactive","No Streams"
121,121,0,00000000,0,0,1,0,"Inactive","No Streams"
122,122,0,00000000,0,0,1,0,"Inactive","No Streams"
123,123,0,00000000,0,0,1,0,"Inactive","No Streams"
124,124,0,00000000,0,0,1,0,"Inactive","No Streams"
125,125,0,00000000,0,0,1,0,"Inactive","No Streams"
126,126,0,00000000,0,0,1,0,"Inactive","No Streams"
127,127,0,00000000,0,0,1,0,"Inactive","No Streams"
128,128,0,00000000,0,0,1,0,"Inactive","No Streams"
129,129,0,00000000,0,0,1,0,"Inactive","No Streams"
130,130,0,00000000,0,0,1,0,"Inactive","No Streams"
131,131,0,00000000,0,0,1,0,"Inactive","No Streams"
132,132,0,00000000,0,0,1,0,"Inactive","No Streams"
133,133,0,00000000,0,0,1,0,"Inactive","No Streams"
134,134,0,00000000,0,0,1,0,"Inactive","No Streams"
135,135,0,00000000,0,0,1,0,"Inactive","No Streams"
136,136,0,00000000,0,0,1,0,"Inactive","No Streams"
137,137,0,00000000,0,0,1,0,"Inactive","No Streams"
138,138,0,00000000,0,0,1,0,"Inactive","No Streams"
139,139,0,00000000,0,0,1,0,"Inactive","No Streams"
140,140,0,00000000,0,0,1,0,"Inactive","No Streams"
141,141,0,00000000,0,0,1,0,"Inactive","No Streams"
142,142,0,00000000,0,0,1,0,"Inactive","No Streams"
143,143,0,00000000,0,0,1,0,"Inactive","No Streams"
144,144,0,00000000,0,0,1,0,"Inactive","No Streams"
145,145,0,00000000,0,0,1,0,"Inactive","No Streams"
146,146,0,00000000,0,0,1,0,"Inactive","No Streams"
147,147,0,00000000,0,0,1,0,"Inactive","No Streams"
148,148,0,00000000,0,0,1,0,"Inactive","No Streams"
149,149,0,00000000,0,0,1,0,"Inactive","No Streams"
150,150,0,00000000,0,0,1,0,"Inactive","No Streams"
151,151,0,00000000,0,0,1,0,"Inactive","No Streams"
152,152,0,00000000,0,0,1,0,"Inactive","No Streams"
153,153,0,00000000,0,0,1,0,"Inactive","No Streams"
154,154,0,00000000,0,0,1,0,"Inactive","No Streams"
155,155,0,00000000,0,0,1,0,"Inactive","No Streams"
156,156,0,00000000,0,0,1,0,"Inactive","No Streams"
157,157,0,00000000,0,0,1,0,"Inactive","No Streams"
158,158,0,00000000,0,0,1,0,"Inactive","No Streams"
159,159,0,00000000,0,0,1,0,"Inactive","No Streams"
160,160,0,00000000,0,0,1,0,"Inactive","No Streams"
161,161,0,00000000,0,0,1,0,"Inactive","No Streams"
162,162,0,00000000,0,0,1,0,"Inactive","No Streams"
163,163,0,00000000,0,0,1,0,"Inactive","No Streams"
164,164,0,00000000,0,0,1,0,"Inactive","No Streams"
165,165,0,00000000,0,0,1,0,"Inactive","No Streams"
166,166,0,00000000,0,0,1,0,"Inactive","No Streams"
167,167,0,00000000,0,0,1,0,"Inactive","No Streams"
168,168,0,00000000,0,0,1,0,"Inactive","No Streams"
169,169,0,00000000,0,0,1,0,"Inactive","No Streams"
170,170,0,00000000,0,0,1,0,"Inactive","No Streams"
171,171,0,00000000,0,0,1,0,"Inactive","No Streams"
172,172,0,00000000,0,0,1,0,"Inactive","No Streams"
173,173,0,00000000,0,0,1,0,"Inactive","No Streams"
174,174,0,00000000,0,0,1,0,"Inactive","No Streams"
175,175,0,00000000,0,0,1,0,"Inactive","No Streams"
176,176,0,00000000,0,0,1,0,"Inactive","No Streams"
177,177,0,00000000,0,0,1,0,"Inactive","No Streams"
178,178,0,00000000,0,0,1,0,"Inactive","No Streams"
179,179,0,00000000,0,0,1,0,"Inactive","No Streams"
180,180,0,00000000,0,0,1,0,"Inactive","No Streams"
181,181,0,00000000,0,0,1,0,"Inactive","No Streams"
182,182,0,00000000,0,0,1,0,"Inactive","No Streams"
183,183,0,00000000,0,0,1,0,"Inactive","No Streams"
184,184,0,00000000,0,0,1,0,"Inactive","No Streams"
185,185,0,00000000,0,0,1,0,"Inactive","No Streams"
186,186,0,00000000,0,0,1,0,"Inactive","No Streams"
187,187,0,00000000,0,0,1,0,"Inactive","No Streams"
188,188,0,00000000,0,0,1,0,"Inactive","No Streams"
189,189,0,00000000,0,0,1,0,"Inactive","No Streams"
190,190,0,00000000,0,0,1,0,"Inactive","No Streams"
191,191,0,00000000,0,0,1,0,"Inactive","No Streams"
192,192,0,00000000,0,0,1,0,"Inactive","No Streams"
193,193,0,00000000,0,0,1,0,"Inactive","No Streams"
194,194,0,00000000,0,0,1,0,"Inactive","No Streams"
195,195,0,00000000,0,0,1,0,"Inactive","No Streams"
196,196,0,00000000,0,0,1,0,"Inactive","No Streams"
197,197,0,00000000,0,0,1,0,"Inactive","No Streams"
198,198,0,00000000,0,0,1,0,"Inactive","No Streams"
199,199,0,00000000,0,0,1,0,"Inactive","No Streams"
200,200,0,00000000,0,0,1,0,"Inactive","No Streams"
201,201,0,00000000,0,0,1,0,"Inactive","No Streams"
202,202,0,00000000,0,0,1,0,"Inactive","No Streams"
203,203,0,00000000,0,0,1,0,"Inactive","No Streams"
204,204,0,00000000,0,0,1,0,"Inactive","No Streams"
205,205,0,00000000,0,0,1,0,"Inactive","No Streams"
206,206,0,00000000,0,0,1,0,"Inactive","No Streams"
207,207,0,00000000,0,0,1,0,"Inactive","No Streams"
208,208,0,00000000,0,0,1,0,"Inactive","No Streams"
209,209,0,00000000,0,0,1,0,"Inactive","No Streams"
210,210,0,00000000,0,0,1,0,"Inactive","No Streams"
211,211,0,00000000,0,0,1,0,"Inactive","No Streams"
212,212,0,00000000,0,0,1,0,"Inactive","No Streams"
213,213,0,00000000,0,0,1,0,"Inactive","No Streams"
214,214,0,00000000,0,0,1,0,"Inactive","No Streams"
215,215,0,00000000,0,0,1,0,"Inactive","No Streams"
216,216,0,00000000,0,0,1,0,"Inactive","No Streams"
217,217,0,00000000,0,0,1,0,"Inactive","No Streams"
218,218,0,00000000,0,0,1,0,"Inactive","No Streams"
219,219,0,00000000,0,0,1,0,"Inactive","No Streams"
220,220,0,00000000,0,0,1,0,"Inactive","No Streams"
221,221,0,00000000,0,0,1,0,"Inactive","No Streams"
222,222,0,00000000,0,0,1,0,"Inactive","No Streams"
223,223,0,00000000,0,0,1,0,"Inactive","No Streams"
224,224,0,00000000,0,0,1,0,"Inactive","No Streams"
225,225,0,00000000,0,0,1,0,"Inactive","No Streams"
226,226,0,00000000,0,0,1,0,"Inactive","No Streams"
227,227,0,00000000,0,0,1,0,"Inactive","No Streams"
228,228,0,00000000,0,0,1,0,"Inactive","No Streams"
229,229,0,00000000,0,0,1,0,"Inactive","No Streams"
230,230,0,00000000,0,0,1,0,"Inactive","No Streams"
231,231,0,00000000,0,0,1,0,"Inactive","No Streams"
232,232,0,00000000,0,0,1,0,"Inactive","No Streams"
233,233,0,00000000,0,0,1,0,"Inactive","No Streams"
234,234,0,00000000,0,0,1,0,"Inactive","No Streams"
235,235,0,00000000,0,0,1,0,"Inactive","No Streams"
236,236,0,00000000,0,0,1,0,"Inactive","No Streams"
237,237,0,00000000,0,0,1,0,"Inactive","No Streams"
238,238,0,00000000,0,0,1,0,"Inactive","No Streams"
239,239,0,00000000,0,0,1,0,"Inactive","No Streams"
240,240,0,00000000,0,0,1,0,"Inactive","No Streams"
241,241,0,00000000,0,0,1,0,"Inactive","No Streams"
242,242,0,00000000,0,0,1,0,"Inactive","No Streams"
243,243,0,00000000,0,0,1,0,"Inactive","No Streams"
244,244,0,00000000,0,0,1,0,"Inactive","No Streams"
245,245,0,00000000,0,0,1,0,"Inactive","No Streams"
246,246,0,00000000,0,0,1,0,"Inactive","No Streams"
247,247,0,00000000,0,0,1,0,"Inactive","No Streams"
248,248,0,00000000,0,0,1,0,"Inactive","No Streams"
249,249,0,00000000,0,0,1,0,"Inactive","No Streams"
250,250,0,00000000,0,0,1,0,"Inactive","No Streams"
251,251,0,00000000,0,0,1,0,"Inactive","No Streams"
252,252,0,00000000,0,0,1,0,"Inactive","No Streams"
253,253,0,00000000,0,0,1,0,"Inactive","No Streams"
254,254,0,00000000,0,0,1,0,"Inactive","No Streams"
255,255,0,00000000,0,0,1,0,"Inactive","No Streams"
256,256,0,00000000,0,0,1,0,"Inactive","No Streams"
257,257,0,00000000,0,0,1,0,"Inactive","No Streams"
258,258,0,00000000,0,0,1,0,"Inactive","No Streams"
259,259,0,00000000,0,0,1,0,"Inactive","No Streams"
260,260,0,00000000,0,0,1,0,"Inactive","No Streams"
261,261,0,00000000,0,0,1,0,"Inactive","No Streams"
262,262,0,00000000,0,0,1,0,"Inactive","No Streams"
263,263,0,00000000,0,0,1,0,"Inactive","No Streams"
264,264,0,00000000,0,0,1,0,"Inactive","No Streams"
265,265,0,00000000,0,0,1,0,"Inactive","No Streams"
266,266,0,00000000,0,0,1,0,"Inactive","No Streams"
267,267,0,00000000,0,0,1,0,"Inactive","No Streams"
268,268,0,00000000,0,0,1,0,"Inactive","No Streams"
269,269,0,00000000,0,0,1,0,"Inactive","No Streams"
270,270,0,00000000,0,0,1,0,"Inactive","No Streams"
271,271,0,00000000,0,0,1,0,"Inactive","No Streams"
272,272,0,00000000,0,0,1,0,"Inactive","No Streams"
273,273,0,00000000,0,0,1,0,"Inactive","No Streams"
274,274,0,00000000,0,0,1,0,"Inactive","No Streams"
275,275,0,00000000,0,0,1,0,"Inactive","No Streams"
276,276,0,00000000,0,0,1,0,"Inactive","No Streams"
277,277,0,00000000,0,0,1,0,"Inactive","No Streams"
278,278,0,00000000,0,0,1,0,"Inactive","No Streams"
279,279,0,00000000,0,0,1,0,"Inactive","No Streams"
280,280,0,00000000,0,0,1,0,"Inactive","No Streams"
281,281,0,00000000,0,0,1,0,"Inactive","No Streams"
282,282,0,00000000,0,0,1,0,"Inactive","No Streams"
283,283,0,00000000,0,0,1,0,"Inactive","No Streams"
284,284,0,00000000,0,0,1,0,"Inactive","No Streams"
285,285,0,00000000,0,0,1,0,"Inactive","No Streams"
286,286,0,00000000,0,0,1,0,"Inactive","No Streams"
287,287,0,00000000,0,0,1,0,"Inactive","No Streams"
288,288,0,00000000,0,0,1,0,"Inactive","No Streams"
289,289,0,00000000,0,0,1,0,"Inactive","No Streams"
290,290,0,00000000,0,0,1,0,"Inactive","No Streams"
291,291,0,00000000,0,0,1,0,"Inactive","No Streams"
292,292,0,00000000,0,0,1,0,"Inactive","No Streams"
293,293,0,00000000,0,0,1,0,"Inactive","No Streams"
294,294,0,00000000,0,0,1,0,"Inactive","No Streams"
295,295,0,00000000,0,0,1,0,"Inactive","No Streams"
296,296,0,00000000,0,0,1,0,"Inactive","No Streams"
297,297,0,00000000,0,0,1,0,"Inactive","No Streams"
298,298,0,00000000,0,0,1,0,"Inactive","No Streams"
299,299,0,00000000,0,0,1,0,"Inactive","No Streams"
300,300,0,00000000,0,0,1,0,"Inactive","No Streams"
301,301,0,00000000,0,0,1,0,"Inactive","No Streams"
302,302,0,00000000,0,0,1,0,"Inactive","No Streams"
303,303,0,00000000,0,0,1,0,"Inactive","No Streams"
304,304,0,00000000,0,0,1,0,"Inactive","No Streams"
305,305,0,00000000,0,0,1,0,"Inactive","No Streams"
306,306,0,00000000,0,0,1,0,"Inactive","No Streams"
307,307,0,00000000,0,0,1,0,"Inactive","No Streams"
308,308,0,00000000,0,0,1,0,"Inactive","No Streams"
309,309,0,00000000,0,0,1,0,"Inactive","No Streams"
310,310,0,00000000,0,0,1,0,"Inactive","No Streams"
311,311,0,00000000,0,0,1,0,"Inactive","No Streams"
312,312,0,00000000,0,0,1,0,"Inactive","No Streams"
313,313,0,00000000,0,0,1,0,"Inactive","No Streams"
314,314,0,00000000,0,0,1,0,"Inactive","No Streams"
315,315,0,00000000,0,0,1,0,"Inactive","No Streams"
316,316,0,00000000,0,0,1,0,"Inactive","No Streams"
317,317,0,00000000,0,0,1,0,"Inactive","No Streams"
318,318,0,00000000,0,0,1,0,"Inactive","No Streams"
319,319,0,00000000,0,0,1,0,"Inactive","No Streams"
320,320,0,00000000,0,0,1,0,"Inactive","No Streams"
321,321,0,00000000,0,0,1,0,"Inactive","No Streams"
322,322,0,00000000,0,0,1,0,"Inactive","No Streams"
323,323,0,00000000,0,0,1,0,"Inactive","No Streams"
324,324,0,00000000,0,0,1,0,"Inactive","No Streams"
325,325,0,00000000,0,0,1,0,"Inactive","No Streams"
326,326,0,00000000,0,0,1,0,"Inactive","No Streams"
327,327,0,00000000,0,0,1,0,"Inactive","No Streams"
328,328,0,00000000,0,0,1,0,"Inactive","No Streams"
329,329,0,00000000,0,0,1,0,"Inactive","No Streams"
330,330,0,00000000,0,0,1,0,"Inactive","No Streams"
331,331,0,00000000,0,0,1,0,"Inactive","No Streams"
332,332,0,00000000,0,0,1,0,"Inactive","No Streams"
333,333,0,00000000,0,0,1,0,"Inactive","No Streams"
334,334,0,00000000,0,0,1,0,"Inactive","No Streams"
335,335,0,00000000,0,0,1,0,"Inactive","No Streams"
336,336,0,00000000,0,0,1,0,"Inactive","No Streams"
337,337,0,00000000,0,0,1,0,"Inactive","No Streams"
338,338,0,00000000,0,0,1,0,"Inactive","No Streams"
339,339,0,00000000,0,0,1,0,"Inactive","No Streams"
340,340,0,00000000,0,0,1,0,"Inactive","No Streams"
341,341,0,00000000,0,0,1,0,"Inactive","No Streams"
342,342,0,00000000,0,0,1,0,"Inactive","No Streams"
343,343,0,00000000,0,0,1,0,"Inactive","No Streams"
344,344,0,00000000,0,0,1,0,"Inactive","No Streams"
345,345,0,00000000,0,0,1,0,"Inactive","No Streams"
346,346,0,00000000,0,0,1,0,"Inactive","No Streams"
347,347,0,00000000,0,0,1,0,"Inactive","No Streams"
348,348,0,00000000,0,0,1,0,"Inactive","No Streams"
349,349,0,00000000,0,0,1,0,"Inactive","No Streams"
350,350,0,00000000,0,0,1,0,"Inactive","No Streams"
351,351,0,00000000,0,0,1,0,"Inactive","No Streams"
352,352,0,00000000,0,0,1,0,"Inactive","No Streams"
353,353,0,00000000,0,0,1,0,"Inactive","No Streams"
354,354,0,00000000,0,0,1,0,"Inactive","No Streams"
355,355,0,00000000,0,0,1,0,"Inactive","No Streams"
356,356,0,00000000,0,0,1,0,"Inactive","No Streams"
357,357,0,00000000,0,0,1,0,"Inactive","No Streams"
358,358,0,00000000,0,0,1,0,"Inactive","No Streams"
359,359,0,00000000,0,0,1,0,"Inactive","No Streams"
360,360,0,00000000,0,0,1,0,"Inactive","No Streams"
361,361,0,00000000,0,0,1,0,"Inactive","No Streams"
362,362,0,00000000,0,0,1,0,"Inactive","No Streams"
363,363,0,00000000,0,0,1,0,"Inactive","No Streams"
364,364,0,00000000,0,0,1,0,"Inactive","No Streams"
365,365,0,00000000,0,0,1,0,"Inactive","No Streams"
366,366,0,00000000,0,0,1,0,"Inactive","No Streams"
367,367,0,00000000,0,0,1,0,"Inactive","No Streams"
368,368,0,00000000,0,0,1,0,"Inactive","No Streams"
369,369,0,00000000,0,0,1,0,"Inactive","No Streams"
370,370,0,00000000,0,0,1,0,"Inactive","No Streams"
371,371,0,00000000,0,0,1,0,"Inactive","No Streams"
372,372,0,00000000,0,0,1,0,"Inactive","No Streams"
373,373,0,00000000,0,0,1,0,"Inactive","No Streams"
374,374,0,00000000,0,0,1,0,"Inactive","No Streams"
375,375,0,00000000,0,0,1,0,"Inactive","No Streams"
376,376,0,00000000,0,0,1,0,"Inactive","No Streams"
377,377,0,00000000,0,0,1,0,"Inactive","No Streams"
378,378,0,00000000,0,0,1,0,"Inactive","No Streams"
379,379,0,00000000,0,0,1,0,"Inactive","No Streams"
380,380,0,00000000,0,0,1,0,"Inactive","No Streams"
381,381,0,00000000,0,0,1,0,"Inactive","No Streams"
382,382,0,00000000,0,0,1,0,"Inactive","No Streams"
383,383,0,00000000,0,0,1,0,"Inactive","No Streams"
384,384,0,00000000,0,0,1,0,"Inactive","No Streams"
385,385,0,00000000,0,0,1,0,"Inactive","No Streams"
386,386,0,00000000,0,0,1,0,"Inactive","No Streams"
387,387,0,00000000,0,0,1,0,"Inactive","No Streams"
388,388,0,00000000,0,0,1,0,"Inactive","No Streams"
389,389,0,00000000,0,0,1,0,"Inactive","No Streams"
390,390,0,00000000,0,0,1,0,"Inactive","No Streams"
391,391,0,00000000,0,0,1,0,"Inactive","No Streams"
392,392,0,00000000,0,0,1,0,"Inactive","No Streams"
393,393,0,00000000,0,0,1,0,"Inactive","No Streams"
394,394,0,00000000,0,0,1,0,"Inactive","No Streams"
395,395,0,00000000,0,0,1,0,"Inactive","No Streams"
396,396,0,00000000,0,0,1,0,"Inactive","No Streams"
397,397,0,00000000,0,0,1,0,"Inactive","No Streams"
398,398,0,00000000,0,0,1,0,"Inactive","No Streams"
399,399,0,00000000,0,0,1,0,"Inactive","No Streams"
400,400,0,00000000,0,0,1,0,"Inactive","No Streams"
401,401,0,00000000,0,0,1,0,"Inactive","No Streams"
402,402,0,00000000,0,0,1,0,"Inactive","No Streams"
403,403,0,00000000,0,0,1,0,"Inactive","No Streams"
404,404,0,00000000,0,0,1,0,"Inactive","No Streams"
405,405,0,00000000,0,0,1,0,"Inactive","No Streams"
406,406,0,00000000,0,0,1,0,"Inactive","No Streams"
407,407,0,00000000,0,0,1,0,"Inactive","No Streams"
408,408,0,00000000,0,0,1,0,"Inactive","No Streams"
409,409,0,00000000,0,0,1,0,"Inactive","No Streams"
410,410,0,00000000,0,0,1,0,"Inactive","No Streams"
411,411,0,00000000,0,0,1,0,"Inactive","No Streams"
412,412,0,00000000,0,0,1,0,"Inactive","No Streams"
413,413,0,00000000,0,0,1,0,"Inactive","No Streams"
414,414,0,00000000,0,0,1,0,"Inactive","No Streams"
415,415,0,00000000,0,0,1,0,"Inactive","No Streams"
416,416,0,00000000,0,0,1,0,"Inactive","No Streams"
417,417,0,00000000,0,0,1,0,"Inactive","No Streams"
418,418,0,00000000,0,0,1,0,"Inactive","No Streams"
419,419,0,00000000,0,0,1,0,"Inactive","No Streams"
420,420,0,00000000,0,0,1,0,"Inactive","No Streams"
421,421,0,00000000,0,0,1,0,"Inactive","No Streams"
422,422,0,00000000,0,0,1,0,"Inactive","No Streams"
423,423,0,00000000,0,0,1,0,"Inactive","No Streams"
424,424,0,00000000,0,0,1,0,"Inactive","No Streams"
425,425,0,00000000,0,0,1,0,"Inactive","No Streams"
426,426,0,00000000,0,0,1,0,"Inactive","No Streams"
427,427,0,00000000,0,0,1,0,"Inactive","No Streams"
428,428,0,00000000,0,0,1,0,"Inactive","No Streams"
429,429,0,00000000,0,0,1,0,"Inactive","No Streams"
430,430,0,00000000,0,0,1,0,"Inactive","No Streams"
431,431,0,00000000,0,0,1,0,"Inactive","No Streams"
432,432,0,00000000,0,0,1,0,"Inactive","No Streams"
433,433,0,00000000,0,0,1,0,"Inactive","No Streams"
434,434,0,00000000,0,0,1,0,"Inactive","No Streams"
435,435,0,00000000,0,0,1,0,"Inactive","No Streams"
436,436,0,00000000,0,0,1,0,"Inactive","No Streams"
437,437,0,00000000,0,0,1,0,"Inactive","No Streams"
438,438,0,00000000,0,0,1,0,"Inactive","No Streams"
439,439,0,00000000,0,0,1,0,"Inactive","No Streams"
440,440,0,00000000,0,0,1,0,"Inactive","No Streams"
441,441,0,00000000,0,0,1,0,"Inactive","No Streams"
442,442,0,00000000,0,0,1,0,"Inactive","No Streams"
443,443,0,00000000,0,0,1,0,"Inactive","No Streams"
444,444,0,00000000,0,0,1,0,"Inactive","No Streams"
445,445,0,00000000,0,0,1,0,"Inactive","No Streams"
446,446,0,00000000,0,0,1,0,"Inactive","No Streams"
447,447,0,00000000,0,0,1,0,"Inactive","No Streams"
448,448,0,00000000,0,0,1,0,"Inactive","No Streams"
449,449,0,00000000,0,0,1,0,"Inactive","No Streams"
450,450,0,00000000,0,0,1,0,"Inactive","No Streams"
451,451,0,00000000,0,0,1,0,"Inactive","No Streams"
452,452,0,00000000,0,0,1,0,"Inactive","No Streams"
453,453,0,00000000,0,0,1,0,"Inactive","No Streams"
454,454,0,00000000,0,0,1,0,"Inactive","No Streams"
455,455,0,00000000,0,0,1,0,"Inactive","No Streams"
456,456,0,00000000,0,0,1,0,"Inactive","No Streams"
457,457,0,00000000,0,0,1,0,"Inactive","No Streams"
458,458,0,00000000,0,0,1,0,"Inactive","No Streams"
459,459,0,00000000,0,0,1,0,"Inactive","No Streams"
460,460,0,00000000,0,0,1,0,"Inactive","No Streams"
461,461,0,00000000,0,0,1,0,"Inactive","No Streams"
462,462,0,00000000,0,0,1,0,"Inactive","No Streams"
463,463,0,00000000,0,0,1,0,"Inactive","No Streams"
464,464,0,00000000,0,0,1,0,"Inactive","No Streams"
465,465,0,00000000,0,0,1,0,"Inactive","No Streams"
466,466,0,00000000,0,0,1,0,"Inactive","No Streams"
467,467,0,00000000,0,0,1,0,"Inactive","No Streams"
468,468,0,00000000,0,0,1,0,"Inactive","No Streams"
469,469,0,00000000,0,0,1,0,"Inactive","No Streams"
470,470,0,00000000,0,0,1,0,"Inactive","No Streams"
471,471,0,00000000,0,0,1,0,"Inactive","No Streams"
472,472,0,00000000,0,0,1,0,"Inactive","No Streams"
473,473,0,00000000,0,0,1,0,"Inactive","No Streams"
474,474,0,00000000,0,0,1,0,"Inactive","No Streams"
475,475,0,00000000,0,0,1,0,"Inactive","No Streams"
476,476,0,00000000,0,0,1,0,"Inactive","No Streams"
477,477,0,00000000,0,0,1,0,"Inactive","No Streams"
478,478,0,00000000,0,0,1,0,"Inactive","No Streams"
479,479,0,00000000,0,0,1,0,"Inactive","No Streams"
480,480,0,00000000,0,0,1,0,"Inactive","No Streams"
481,481,0,00000000,0,0,1,0,"Inactive","No Streams"
482,482,0,00000000,0,0,1,0,"Inactive","No Streams"
483,483,0,00000000,0,0,1,0,"Inactive","No Streams"
484,484,0,00000000,0,0,1,0,"Inactive","No Streams"
485,485,0,00000000,0,0,1,0,"Inactive","No Streams"
486,486,0,00000000,0,0,1,0,"Inactive","No Streams"
487,487,0,00000000,0,0,1,0,"Inactive","No Streams"
488,488,0,00000000,0,0,1,0,"Inactive","No Streams"
489,489,0,00000000,0,0,1,0,"Inactive","No Streams"
490,490,0,00000000,0,0,1,0,"Inactive","No Streams"
491,491,0,00000000,0,0,1,0,"Inactive","No Streams"
492,492,0,00000000,0,0,1,0,"Inactive","No Streams"
493,493,0,00000000,0,0,1,0,"Inactive","No Streams"
494,494,0,00000000,0,0,1,0,"Inactive","No Streams"
495,495,0,00000000,0,0,1,0,"Inactive","No Streams"
496,496,0,00000000,0,0,1,0,"Inactive","No Streams"
497,497,0,00000000,0,0,1,0,"Inactive","No Streams"
498,498,0,00000000,0,0,1,0,"Inactive","No Streams"
499,499,0,00000000,0,0,1,0,"Inactive","No Streams"
500,500,0,00000000,0,0,1,0,"Inactive","No Streams"
501,501,0,00000000,0,0,1,0,"Inactive","No Streams"
502,502,0,00000000,0,0,1,0,"Inactive","No Streams"
503,503,0,00000000,0,0,1,0,"Inactive","No Streams"
504,504,0,00000000,0,0,1,0,"Inactive","No Streams"
505,505,0,00000000,0,0,1,0,"Inactive","No Streams"
506,506,0,00000000,0,0,1,0,"Inactive","No Streams"
507,507,0,00000000,0,0,1,0,"Inactive","No Streams"
508,508,0,00000000,0,0,1,0,"Inactive","No Streams"
509,509,0,00000000,0,0,1,0,"Inactive","No Streams"
510,510,0,00000000,0,0,1,0,"Inactive","No Streams"
511,511,0,00000000,0,0,1,0,"Inactive","No Streams"
512,512,1,00000000,0,0,1,0,"Inactive","No Streams"
513,513,0,00000000,0,0,1,0,"Inactive","No Streams"
514,514,0,00000000,0,0,1,0,"Inactive","No Streams"
515,515,0,00000000,0,0,1,0,"Inactive","No Streams"
516,516,0,00000000,0,0,1,0,"Inactive","No Streams"
517,517,0,00000000,0,0,1,0,"Inactive","No Streams"
518,518,0,00000000,0,0,1,0,"Inactive","No Streams"
519,519,0,00000000,0,0,1,0,"Inactive","No Streams"
520,520,0,00000000,0,0,1,0,"Inactive","No Streams"
521,521,0,00000000,0,0,1,0,"Inactive","No Streams"
522,522,0,00000000,0,0,1,0,"Inactive","No Streams"
523,523,0,00000000,0,0,1,0,"Inactive","No Streams"
524,524,0,00000000,0,0,1,0,"Inactive","No Streams"
525,525,0,00000000,0,0,1,0,"Inactive","No Streams"
526,526,0,00000000,0,0,1,0,"Inactive","No Streams"
527,527,0,00000000,0,0,1,0,"Inactive","No Streams"
528,528,0,00000000,0,0,1,0,"Inactive","No Streams"
529,529,0,00000000,0,0,1,0,"Inactive","No Streams"
530,530,0,00000000,0,0,1,0,"Inactive","No Streams"
531,531,0,00000000,0,0,1,0,"Inactive","No Streams"
532,532,0,00000000,0,0,1,0,"Inactive","No Streams"
533,533,0,00000000,0,0,1,0,"Inactive","No Streams"
534,534,0,00000000,0,0,1,0,"Inactive","No Streams"
535,535,0,00000000,0,0,1,0,"Inactive","No Streams"
536,536,0,00000000,0,0,1,0,"Inactive","No Streams"
537,537,0,00000000,0,0,1,0,"Inactive","No Streams"
538,538,0,00000000,0,0,1,0,"Inactive","No Streams"
539,539,0,00000000,0,0,1,0,"Inactive","No Streams"
540,540,0,00000000,0,0,1,0,"Inactive","No Streams"
541,541,0,00000000,0,0,1,0,"Inactive","No Streams"
542,542,0,00000000,0,0,1,0,"Inactive","No Streams"
543,543,0,00000000,0,0,1,0,"Inactive","No Streams"
544,544,0,00000000,0,0,1,0,"Inactive","No Streams"
545,545,0,00000000,0,0,1,0,"Inactive","No Streams"
546,546,0,00000000,0,0,1,0,"Inactive","No Streams"
547,547,0,00000000,0,0,1,0,"Inactive","No Streams"
548,548,0,00000000,0,0,1,0,"Inactive","No Streams"
549,549,0,00000000,0,0,1,0,"Inactive","No Streams"
550,550,0,00000000,0,0,1,0,"Inactive","No Streams"
551,551,0,00000000,0,0,1,0,"Inactive","No Streams"
552,552,0,00000000,0,0,1,0,"Inactive","No Streams"
553,553,0,00000000,0,0,1,0,"Inactive","No Streams"
554,554,0,00000000,0,0,1,0,"Inactive","No Streams"
555,555,0,00000000,0,0,1,0,"Inactive","No Streams"
556,556,0,00000000,0,0,1,0,"Inactive","No Streams"
557,557,0,00000000,0,0,1,0,"Inactive","No Streams"
558,558,0,00000000,0,0,1,0,"Inactive","No Streams"
559,559,0,00000000,0,0,1,0,"Inactive","No Streams"
560,560,0,00000000,0,0,1,0,"Inactive","No Streams"
561,561,0,00000000,0,0,1,0,"Inactive","No Streams"
562,562,0,00000000,0,0,1,0,"Inactive","No Streams"
563,563,0,00000000,0,0,1,0,"Inactive","No Streams"
564,564,0,00000000,0,0,1,0,"Inactive","No Streams"
565,565,0,00000000,0,0,1,0,"Inactive","No Streams"
566,566,0,00000000,0,0,1,0,"Inactive","No Streams"
567,567,0,00000000,0,0,1,0,"Inactive","No Streams"
568,568,0,00000000,0,0,1,0,"Inactive","No Streams"
569,569,0,00000000,0,0,1,0,"Inactive","No Streams"
570,570,0,00000000,0,0,1,0,"Inactive","No Streams"
571,571,0,00000000,0,0,1,0,"Inactive","No Streams"
572,572,0,00000000,0,0,1,0,"Inactive","No Streams"
573,573,0,00000000,0,0,1,0,"Inactive","No Streams"
574,574,0,00000000,0,0,1,0,"Inactive","No Streams"
575,575,0,00000000,0,0,1,0,"Inactive","No Streams"
576,576,0,00000000,0,0,1,0,"Inactive","No Streams"
577,577,0,00000000,0,0,1,0,"Inactive","No Streams"
578,578,0,00000000,0,0,1,0,"Inactive","No Streams"
579,579,0,00000000,0,0,1,0,"Inactive","No Streams"
580,580,0,00000000,0,0,1,0,"Inactive","No Streams"
581,581,0,00000000,0,0,1,0,"Inactive","No Streams"
582,582,0,00000000,0,0,1,0,"Inactive","No Streams"
583,583,0,00000000,0,0,1,0,"Inactive","No Streams"
584,584,0,00000000,0,0,1,0,"Inactive","No Streams"
585,585,0,00000000,0,0,1,0,"Inactive","No Streams"
586,586,0,00000000,0,0,1,0,"Inactive","No Streams"
587,587,0,00000000,0,0,1,0,"Inactive","No Streams"
588,588,0,00000000,0,0,1,0,"Inactive","No Streams"
589,589,0,00000000,0,0,1,0,"Inactive","No Streams"
590,590,0,00000000,0,0,1,0,"Inactive","No Streams"
591,591,0,00000000,0,0,1,0,"Inactive","No Streams"
592,592,0,00000000,0,0,1,0,"Inactive","No Streams"
593,593,0,00000000,0,0,1,0,"Inactive","No Streams"
594,594,0,00000000,0,0,1,0,"Inactive","No Streams"
595,595,0,00000000,0,0,1,0,"Inactive","No Streams"
596,596,0,00000000,0,0,1,0,"Inactive","No Streams"
597,597,0,00000000,0,0,1,0,"Inactive","No Streams"
598,598,0,00000000,0,0,1,0,"Inactive","No Streams"
599,599,0,00000000,0,0,1,0,"Inactive","No Streams"
600,600,0,00000000,0,0,1,0,"Inactive","No Streams"
601,601,0,00000000,0,0,1,0,"Inactive","No Streams"
602,602,0,00000000,0,0,1,0,"Inactive","No Streams"
603,603,0,00000000,0,0,1,0,"Inactive","No Streams"
604,604,0,00000000,0,0,1,0,"Inactive","No Streams"
605,605,0,00000000,0,0,1,0,"Inactive","No Streams"
606,606,0,00000000,0,0,1,0,"Inactive","No Streams"
607,607,0,00000000,0,0,1,0,"Inactive","No Streams"
608,608,0,00000000,0,0,1,0,"Inactive","No Streams"
609,609,0,00000000,0,0,1,0,"Inactive","No Streams"
610,610,0,00000000,0,0,1,0,"Inactive","No Streams"
611,611,0,00000000,0,0,1,0,"Inactive","No Streams"
612,612,0,00000000,0,0,1,0,"Inactive","No Streams"
613,613,0,00000000,0,0,1,0,"Inactive","No Streams"
614,614,0,00000000,0,0,1,0,"Inactive","No Streams"
615,615,0,00000000,0,0,1,0,"Inactive","No Streams"
616,616,0,00000000,0,0,1,0,"Inactive","No Streams"
617,617,0,00000000,0,0,1,0,"Inactive","No Streams"
618,618,0,00000000,0,0,1,0,"Inactive","No Streams"
619,619,0,00000000,0,0,1,0,"Inactive","No Streams"
620,620,0,00000000,0,0,1,0,"Inactive","No Streams"
621,621,0,00000000,0,0,1,0,"Inactive","No Streams"
622,622,0,00000000,0,0,1,0,"Inactive","No Streams"
623,623,0,00000000,0,0,1,0,"Inactive","No Streams"
624,624,0,00000000,0,0,1,0,"Inactive","No Streams"
625,625,0,00000000,0,0,1,0,"Inactive","No Streams"
626,626,0,00000000,0,0,1,0,"Inactive","No Streams"
627,627,0,00000000,0,0,1,0,"Inactive","No Streams"
628,628,0,00000000,0,0,1,0,"Inactive","No Streams"
629,629,0,00000000,0,0,1,0,"Inactive","No Streams"
630,630,0,00000000,0,0,1,0,"Inactive","No Streams"
631,631,0,00000000,0,0,1,0,"Inactive","No Streams"
632,632,0,00000000,0,0,1,0,"Inactive","No Streams"
633,633,0,00000000,0,0,1,0,"Inactive","No Streams"
634,634,0,00000000,0,0,1,0,"Inactive","No Streams"
635,635,0,00000000,0,0,1,0,"Inactive","No Streams"
636,636,0,00000000,0,0,1,0,"Inactive","No Streams"
637,637,0,00000000,0,0,1,0,"Inactive","No Streams"
638,638,0,00000000,0,0,1,0,"Inactive","No Streams"
639,639,0,00000000,0,0,1,0,"Inactive","No Streams"
640,640,0,00000000,0,0,1,0,"Inactive","No Streams"
641,641,0,00000000,0,0,1,0,"Inactive","No Streams"
642,642,0,00000000,0,0,1,0,"Inactive","No Streams"
643,643,0,00000000,0,0,1,0,"Inactive","No Streams"
644,644,0,00000000,0,0,1,0,"Inactive","No Streams"
645,645,0,00000000,0,0,1,0,"Inactive","No Streams"
646,646,0,00000000,0,0,1,0,"Inactive","No Streams"
647,647,0,00000000,0,0,1,0,"Inactive","No Streams"
648,648,0,00000000,0,0,1,0,"Inactive","No Streams"
649,649,0,00000000,0,0,1,0,"Inactive","No Streams"
650,650,0,00000000,0,0,1,0,"Inactive","No Streams"
651,651,0,00000000,0,0,1,0,"Inactive","No Streams"
652,652,0,00000000,0,0,1,0,"Inactive","No Streams"
653,653,0,00000000,0,0,1,0,"Inactive","No Streams"
654,654,0,00000000,0,0,1,0,"Inactive","No Streams"
655,655,0,00000000,0,0,1,0,"Inactive","No Streams"
656,656,0,00000000,0,0,1,0,"Inactive","No Streams"
657,657,0,00000000,0,0,1,0,"Inactive","No Streams"
658,658,0,00000000,0,0,1,0,"Inactive","No Streams"
659,659,0,00000000,0,0,1,0,"Inactive","No Streams"
660,660,0,00000000,0,0,1,0,"Inactive","No Streams"
661,661,0,00000000,0,0,1,0,"Inactive","No Streams"
662,662,0,00000000,0,0,1,0,"Inactive","No Streams"
663,663,0,00000000,0,0,1,0,"Inactive","No Streams"
664,664,0,00000000,0,0,1,0,"Inactive","No Streams"
665,665,0,00000000,0,0,1,0,"Inactive","No Streams"
666,666,0,00000000,0,0,1,0,"Inactive","No Streams"
667,667,0,00000000,0,0,1,0,"Inactive","No Streams"
668,668,0,00000000,0,0,1,0,"Inactive","No Streams"
669,669,0,00000000,0,0,1,0,"Inactive","No Streams"
670,670,0,00000000,0,0,1,0,"Inactive","No Streams"
671,671,0,00000000,0,0,1,0,"Inactive","No Streams"
672,672,0,00000000,0,0,1,0,"Inactive","No Streams"
673,673,0,00000000,0,0,1,0,"Inactive","No Streams"
674,674,0,00000000,0,0,1,0,"Inactive","No Streams"
675,675,0,00000000,0,0,1,0,"Inactive","No Streams"
676,676,0,00000000,0,0,1,0,"Inactive","No Streams"
677,677,0,00000000,0,0,1,0,"Inactive","No Streams"
678,678,0,00000000,0,0,1,0,"Inactive","No Streams"
679,679,0,00000000,0,0,1,0,"Inactive","No Streams"
680,680,0,00000000,0,0,1,0,"Inactive","No Streams"
681,681,0,00000000,0,0,1,0,"Inactive","No Streams"
682,682,0,00000000,0,0,1,0,"Inactive","No Streams"
683,683,0,00000000,0,0,1,0,"Inactive","No Streams"
684,684,0,00000000,0,0,1,0,"Inactive","No Streams"
685,685,0,00000000,0,0,1,0,"Inactive","No Streams"
686,686,0,00000000,0,0,1,0,"Inactive","No Streams"
687,687,0,00000000,0,0,1,0,"Inactive","No Streams"
688,688,0,00000000,0,0,1,0,"Inactive","No Streams"
689,689,0,00000000,0,0,1,0,"Inactive","No Streams"
690,690,0,00000000,0,0,1,0,"Inactive","No Streams"
691,691,0,00000000,0,0,1,0,"Inactive","No Streams"
692,692,0,00000000,0,0,1,0,"Inactive","No Streams"
693,693,0,00000000,0,0,1,0,"Inactive","No Streams"
694,694,0,00000000,0,0,1,0,"Inactive","No Streams"
695,695,0,00000000,0,0,1,0,"Inactive","No Streams"
696,696,0,00000000,0,0,1,0,"Inactive","No Streams"
697,697,0,00000000,0,0,1,0,"Inactive","No Streams"
698,698,0,00000000,0,0,1,0,"Inactive","No Streams"
699,699,0,00000000,0,0,1,0,"Inactive","No Streams"
700,700,0,00000000,0,0,1,0,"Inactive","No Streams"
701,701,0,00000000,0,0,1,0,"Inactive","No Streams"
702,702,0,00000000,0,0,1,0,"Inactive","No Streams"
703,703,0,00000000,0,0,1,0,"Inactive","No Streams"
704,704,0,00000000,0,0,1,0,"Inactive","No Streams"
705,705,0,00000000,0,0,1,0,"Inactive","No Streams"
706,706,0,00000000,0,0,1,0,"Inactive","No Streams"
707,707,0,00000000,0,0,1,0,"Inactive","No Streams"
708,708,0,00000000,0,0,1,0,"Inactive","No Streams"
709,709,0,00000000,0,0,1,0,"Inactive","No Streams"
710,710,0,00000000,0,0,1,0,"Inactive","No Streams"
711,711,0,00000000,0,0,1,0,"Inactive","No Streams"
712,712,0,00000000,0,0,1,0,"Inactive","No Streams"
713,713,0,00000000,0,0,1,0,"Inactive","No Streams"
714,714,0,00000000,0,0,1,0,"Inactive","No Streams"
715,715,0,00000000,0,0,1,0,"Inactive","No Streams"
716,716,0,00000000,0,0,1,0,"Inactive","No Streams"
717,717,0,00000000,0,0,1,0,"Inactive","No Streams"
718,718,0,00000000,0,0,1,0,"Inactive","No Streams"
719,719,0,00000000,0,0,1,0,"Inactive","No Streams"
720,720,0,00000000,0,0,1,0,"Inactive","No Streams"
721,721,0,00000000,0,0,1,0,"Inactive","No Streams"
722,722,0,00000000,0,0,1,0,"Inactive","No Streams"
723,723,0,00000000,0,0,1,0,"Inactive","No Streams"
724,724,0,00000000,0,0,1,0,"Inactive","No Streams"
725,725,0,00000000,0,0,1,0,"Inactive","No Streams"
726,726,0,00000000,0,0,1,0,"Inactive","No Streams"
727,727,0,00000000,0,0,1,0,"Inactive","No Streams"
728,728,0,00000000,0,0,1,0,"Inactive","No Streams"
729,729,0,00000000,0,0,1,0,"Inactive","No Streams"
730,730,0,00000000,0,0,1,0,"Inactive","No Streams"
731,731,0,00000000,0,0,1,0,"Inactive","No Streams"
732,732,0,00000000,0,0,1,0,"Inactive","No Streams"
733,733,0,00000000,0,0,1,0,"Inactive","No Streams"
734,734,0,00000000,0,0,1,0,"Inactive","No Streams"
735,735,0,00000000,0,0,1,0,"Inactive","No Streams"
736,736,0,00000000,0,0,1,0,"Inactive","No Streams"
737,737,0,00000000,0,0,1,0,"Inactive","No Streams"
738,738,0,00000000,0,0,1,0,"Inactive","No Streams"
739,739,0,00000000,0,0,1,0,"Inactive","No Streams"
740,740,0,00000000,0,0,1,0,"Inactive","No Streams"
741,741,0,00000000,0,0,1,0,"Inactive","No Streams"
742,742,0,00000000,0,0,1,0,"Inactive","No Streams"
743,743,0,00000000,0,0,1,0,"Inactive","No Streams"
744,744,0,00000000,0,0,1,0,"Inactive","No Streams"
745,745,0,00000000,0,0,1,0,"Inactive","No Streams"
746,746,0,00000000,0,0,1,0,"Inactive","No Streams"
747,747,0,00000000,0,0,1,0,"Inactive","No Streams"
748,748,0,00000000,0,0,1,0,"Inactive","No Streams"
749,749,0,00000000,0,0,1,0,"Inactive","No Streams"
750,750,0,00000000,0,0,1,0,"Inactive","No Streams"
751,751,0,00000000,0,0,1,0,"Inactive","No Streams"
752,752,0,00000000,0,0,1,0,"Inactive","No Streams"
753,753,0,00000000,0,0,1,0,"Inactive","No Streams"
754,754,0,00000000,0,0,1,0,"Inactive","No Streams"
755,755,0,00000000,0,0,1,0,"Inactive","No Streams"
756,756,0,00000000,0,0,1,0,"Inactive","No Streams"
757,757,0,00000000,0,0,1,0,"Inactive","No Streams"
758,758,0,00000000,0,0,1,0,"Inactive","No Streams"
759,759,0,00000000,0,0,1,0,"Inactive","No Streams"
760,760,0,00000000,0,0,1,0,"Inactive","No Streams"
761,761,0,00000000,0,0,1,0,"Inactive","No Streams"
762,762,0,00000000,0,0,1,0,"Inactive","No Streams"
763,763,0,00000000,0,0,1,0,"Inactive","No Streams"
764,764,0,00000000,0,0,1,0,"Inactive","No Streams"
765,765,0,00000000,0,0,1,0,"Inactive","No Streams"
766,766,0,00000000,0,0,1,0,"Inactive","No Streams"
767,767,0,00000000,0,0,1,0,"Inactive","No Streams"
768,768,0,00000000,0,0,1,0,"Inactive","No Streams"
769,769,0,00000000,0,0,1,0,"Inactive","No Streams"
770,770,0,00000000,0,0,1,0,"Inactive","No Streams"
771,771,0,00000000,0,0,1,0,"Inactive","No Streams"
772,772,0,00000000,0,0,1,0,"Inactive","No Streams"
773,773,0,00000000,0,0,1,0,"Inactive","No Streams"
774,774,0,00000000,0,0,1,0,"Inactive","No Streams"
775,775,0,00000000,0,0,1,0,"Inactive","No Streams"
776,776,0,00000000,0,0,1,0,"Inactive","No Streams"
777,777,0,00000000,0,0,1,0,"Inactive","No Streams"
778,778,0,00000000,0,0,1,0,"Inactive","No Streams"
779,779,0,00000000,0,0,1,0,"Inactive","No Streams"
780,780,0,00000000,0,0,1,0,"Inactive","No Streams"
781,781,0,00000000,0,0,1,0,"Inactive","No Streams"
782,782,0,00000000,0,0,1,0,"Inactive","No Streams"
783,783,0,00000000,0,0,1,0,"Inactive","No Streams"
784,784,0,00000000,0,0,1,0,"Inactive","No Streams"
785,785,0,00000000,0,0,1,0,"Inactive","No Streams"
786,786,0,00000000,0,0,1,0,"Inactive","No Streams"
787,787,0,00000000,0,0,1,0,"Inactive","No Streams"
788,788,0,00000000,0,0,1,0,"Inactive","No Streams"
789,789,0,00000000,0,0,1,0,"Inactive","No Streams"
790,790,0,00000000,0,0,1,0,"Inactive","No Streams"
791,791,0,00000000,0,0,1,0,"Inactive","No Streams"
792,792,0,00000000,0,0,1,0,"Inactive","No Streams"
793,793,0,00000000,0,0,1,0,"Inactive","No Streams"
794,794,0,00000000,0,0,1,0,"Inactive","No Streams"
795,795,0,00000000,0,0,1,0,"Inactive","No Streams"
796,796,0,00000000,0,0,1,0,"Inactive","No Streams"
797,797,0,00000000,0,0,1,0,"Inactive","No Streams"
798,798,0,00000000,0,0,1,0,"Inactive","No Streams"
799,799,0,00000000,0,0,1,0,"Inactive","No Streams"
800,800,0,00000000,0,0,1,0,"Inactive","No Streams"
801,801,0,00000000,0,0,1,0,"Inactive","No Streams"
802,802,0,00000000,0,0,1,0,"Inactive","No Streams"
803,803,0,00000000,0,0,1,0,"Inactive","No Streams"
804,804,0,00000000,0,0,1,0,"Inactive","No Streams"
805,805,0,00000000,0,0,1,0,"Inactive","No Streams"
806,806,0,00000000,0,0,1,0,"Inactive","No Streams"
807,807,0,00000000,0,0,1,0,"Inactive","No Streams"
808,808,0,00000000,0,0,1,0,"Inactive","No Streams"
809,809,0,00000000,0,0,1,0,"Inactive","No Streams"
810,810,0,00000000,0,0,1,0,"Inactive","No Streams"
811,811,0,00000000,0,0,1,0,"Inactive","No Streams"
812,812,0,00000000,0,0,1,0,"Inactive","No Streams"
813,813,0,00000000,0,0,1,0,"Inactive","No Streams"
814,814,0,00000000,0,0,1,0,"Inactive","No Streams"
815,815,0,00000000,0,0,1,0,"Inactive","No Streams"
816,816,0,00000000,0,0,1,0,"Inactive","No Streams"
817,817,0,00000000,0,0,1,0,"Inactive","No Streams"
818,818,0,00000000,0,0,1,0,"Inactive","No Streams"
819,819,0,00000000,0,0,1,0,"Inactive","No Streams"
820,820,0,00000000,0,0,1,0,"Inactive","No Streams"
821,821,0,00000000,0,0,1,0,"Inactive","No Streams"
822,822,0,00000000,0,0,1,0,"Inactive","No Streams"
823,823,0,00000000,0,0,1,0,"Inactive","No Streams"
824,824,0,00000000,0,0,1,0,"Inactive","No Streams"
825,825,0,00000000,0,0,1,0,"Inactive","No Streams"
826,826,0,00000000,0,0,1,0,"Inactive","No Streams"
827,827,0,00000000,0,0,1,0,"Inactive","No Streams"
828,828,0,00000000,0,0,1,0,"Inactive","No Streams"
829,829,0,00000000,0,0,1,0,"Inactive","No Streams"
830,830,0,00000000,0,0,1,0,"Inactive","No Streams"
831,831,0,00000000,0,0,1,0,"Inactive","No Streams"
832,832,0,00000000,0,0,1,0,"Inactive","No Streams"
833,833,0,00000000,0,0,1,0,"Inactive","No Streams"
834,834,0,00000000,0,0,1,0,"Inactive","No Streams"
835,835,0,00000000,0,0,1,0,"Inactive","No Streams"
836,836,0,00000000,0,0,1,0,"Inactive","No Streams"
837,837,0,00000000,0,0,1,0,"Inactive","No Streams"
838,838,0,00000000,0,0,1,0,"Inactive","No Streams"
839,839,0,00000000,0,0,1,0,"Inactive","No Streams"
840,840,0,00000000,0,0,1,0,"Inactive","No Streams"
841,841,0,00000000,0,0,1,0,"Inactive","No Streams"
842,842,0,00000000,0,0,1,0,"Inactive","No Streams"
843,843,0,00000000,0,0,1,0,"Inactive","No Streams"
844,844,0,00000000,0,0,1,0,"Inactive","No Streams"
845,845,0,00000000,0,0,1,0,"Inactive","No Streams"
846,846,0,00000000,0,0,1,0,"Inactive","No Streams"
847,847,0,00000000,0,0,1,0,"Inactive","No Streams"
848,848,0,00000000,0,0,1,0,"Inactive","No Streams"
849,849,0,00000000,0,0,1,0,"Inactive","No Streams"
850,850,0,00000000,0,0,1,0,"Inactive","No Streams"
851,851,0,00000000,0,0,1,0,"Inactive","No Streams"
852,852,0,00000000,0,0,1,0,"Inactive","No Streams"
853,853,0,00000000,0,0,1,0,"Inactive","No Streams"
854,854,0,00000000,0,0,1,0,"Inactive","No Streams"
855,855,0,00000000,0,0,1,0,"Inactive","No Streams"
856,856,0,00000000,0,0,1,0,"Inactive","No Streams"
857,857,0,00000000,0,0,1,0,"Inactive","No Streams"
858,858,0,00000000,0,0,1,0,"Inactive","No Streams"
859,859,0,00000000,0,0,1,0,"Inactive","No Streams"
860,860,0,00000000,0,0,1,0,"Inactive","No Streams"
861,861,0,00000000,0,0,1,0,"Inactive","No Streams"
862,862,0,00000000,0,0,1,0,"Inactive","No Streams"
863,863,0,00000000,0,0,1,0,"Inactive","No Streams"
864,864,0,00000000,0,0,1,0,"Inactive","No Streams"
865,865,0,00000000,0,0,1,0,"Inactive","No Streams"
866,866,0,00000000,0,0,1,0,"Inactive","No Streams"
867,867,0,00000000,0,0,1,0,"Inactive","No Streams"
868,868,0,00000000,0,0,1,0,"Inactive","No Streams"
869,869,0,00000000,0,0,1,0,"Inactive","No Streams"
870,870,0,00000000,0,0,1,0,"Inactive","No Streams"
871,871,0,00000000,0,0,1,0,"Inactive","No Streams"
872,872,0,00000000,0,0,1,0,"Inactive","No Streams"
873,873,0,00000000,0,0,1,0,"Inactive","No Streams"
874,874,0,00000000,0,0,1,0,"Inactive","No Streams"
875,875,0,00000000,0,0,1,0,"Inactive","No Streams"
876,876,0,00000000,0,0,1,0,"Inactive","No Streams"
877,877,0,00000000,0,0,1,0,"Inactive","No Streams"
878,878,0,00000000,0,0,1,0,"Inactive","No Streams"
879,879,0,00000000,0,0,1,0,"Inactive","No Streams"
880,880,0,00000000,0,0,1,0,"Inactive","No Streams"
881,881,0,00000000,0,0,1,0,"Inactive","No Streams"
882,882,0,00000000,0,0,1,0,"Inactive","No Streams"
883,883,0,00000000,0,0,1,0,"Inactive","No Streams"
884,884,0,00000000,0,0,1,0,"Inactive","No Streams"
885,885,0,00000000,0,0,1,0,"Inactive","No Streams"
886,886,0,00000000,0,0,1,0,"Inactive","No Streams"
887,887,0,00000000,0,0,1,0,"Inactive","No Streams"
888,888,0,00000000,0,0,1,0,"Inactive","No Streams"
889,889,0,00000000,0,0,1,0,"Inactive","No Streams"
890,890,0,00000000,0,0,1,0,"Inactive","No Streams"
891,891,0,00000000,0,0,1,0,"Inactive","No Streams"
892,892,0,00000000,0,0,1,0,"Inactive","No Streams"
893,893,0,00000000,0,0,1,0,"Inactive","No Streams"
894,894,0,00000000,0,0,1,0,"Inactive","No Streams"
895,895,0,00000000,0,0,1,0,"Inactive","No Streams"
896,896,0,00000000,0,0,1,0,"Inactive","No Streams"
897,897,0,00000000,0,0,1,0,"Inactive","No Streams"
898,898,0,00000000,0,0,1,0,"Inactive","No Streams"
899,899,0,00000000,0,0,1,0,"Inactive","No Streams"
900,900,0,00000000,0,0,1,0,"Inactive","No Streams"
901,901,0,00000000,0,0,1,0,"Inactive","No Streams"
902,902,0,00000000,0,0,1,0,"Inactive","No Streams"
903,903,0,00000000,0,0,1,0,"Inactive","No Streams"
904,904,0,00000000,0,0,1,0,"Inactive","No Streams"
905,905,0,00000000,0,0,1,0,"Inactive","No Streams"
906,906,0,00000000,0,0,1,0,"Inactive","No Streams"
907,907,0,00000000,0,0,1,0,"Inactive","No Streams"
908,908,0,00000000,0,0,1,0,"Inactive","No Streams"
909,909,0,00000000,0,0,1,0,"Inactive","No Streams"
910,910,0,00000000,0,0,1,0,"Inactive","No Streams"
911,911,0,00000000,0,0,1,0,"Inactive","No Streams"
912,912,0,00000000,0,0,1,0,"Inactive","No Streams"
913,913,0,00000000,0,0,1,0,"Inactive","No Streams"
914,914,0,00000000,0,0,1,0,"Inactive","No Streams"
915,915,0,00000000,0,0,1,0,"Inactive","No Streams"
916,916,0,00000000,0,0,1,0,"Inactive","No Streams"
917,917,0,00000000,0,0,1,0,"Inactive","No Streams"
918,918,0,00000000,0,0,1,0,"Inactive","No Streams"
919,919,0,00000000,0,0,1,0,"Inactive","No Streams"
920,920,0,00000000,0,0,1,0,"Inactive","No Streams"
921,921,0,00000000,0,0,1,0,"Inactive","No Streams"
922,922,0,00000000,0,0,1,0,"Inactive","No Streams"
923,923,0,00000000,0,0,1,0,"Inactive","No Streams"
924,924,0,00000000,0,0,1,0,"Inactive","No Streams"
925,925,0,00000000,0,0,1,0,"Inactive","No Streams"
926,926,0,00000000,0,0,1,0,"Inactive","No Streams"
927,927,0,00000000,0,0,1,0,"Inactive","No Streams"
928,928,0,00000000,0,0,1,0,"Inactive","No Streams"
929,929,0,00000000,0,0,1,0,"Inactive","No Streams"
930,930,0,00000000,0,0,1,0,"Inactive","No Streams"
931,931,0,00000000,0,0,1,0,"Inactive","No Streams"
932,932,0,00000000,0,0,1,0,"Inactive","No Streams"
933,933,0,00000000,0,0,1,0,"Inactive","No Streams"
934,934,0,00000000,0,0,1,0,"Inactive","No Streams"
935,935,0,00000000,0,0,1,0,"Inactive","No Streams"
936,936,0,00000000,0,0,1,0,"Inactive","No Streams"
937,937,0,00000000,0,0,1,0,"Inactive","No Streams"
938,938,0,00000000,0,0,1,0,"Inactive","No Streams"
939,939,0,00000000,0,0,1,0,"Inactive","No Streams"
940,940,0,00000000,0,0,1,0,"Inactive","No Streams"
941,941,0,00000000,0,0,1,0,"Inactive","No Streams"
942,942,0,00000000,0,0,1,0,"Inactive","No Streams"
943,943,0,00000000,0,0,1,0,"Inactive","No Streams"
944,944,0,00000000,0,0,1,0,"Inactive","No Streams"
945,945,0,00000000,0,0,1,0,"Inactive","No Streams"
946,946,0,00000000,0,0,1,0,"Inactive","No Streams"
947,947,0,00000000,0,0,1,0,"Inactive","No Streams"
948,948,0,00000000,0,0,1,0,"Inactive","No Streams"
949,949,0,00000000,0,0,1,0,"Inactive","No Streams"
950,950,0,00000000,0,0,1,0,"Inactive","No Streams"
951,951,0,00000000,0,0,1,0,"Inactive","No Streams"
952,952,0,00000000,0,0,1,0,"Inactive","No Streams"
953,953,0,00000000,0,0,1,0,"Inactive","No Streams"
954,954,0,00000000,0,0,1,0,"Inactive","No Streams"
955,955,0,00000000,0,0,1,0,"Inactive","No Streams"
956,956,0,00000000,0,0,1,0,"Inactive","No Streams"
957,957,0,00000000,0,0,1,0,"Inactive","No Streams"
958,958,0,00000000,0,0,1,0,"Inactive","No Streams"
959,959,0,00000000,0,0,1,0,"Inactive","No Streams"
960,960,0,00000000,0,0,1,0,"Inactive","No Streams"
961,961,0,00000000,0,0,1,0,"Inactive","No Streams"
962,962,0,00000000,0,0,1,0,"Inactive","No Streams"
963,963,0,00000000,0,0,1,0,"Inactive","No Streams"
964,964,0,00000000,0,0,1,0,"Inactive","No Streams"
965,965,0,00000000,0,0,1,0,"Inactive","No Streams"
966,966,0,00000000,0,0,1,0,"Inactive","No Streams"
967,967,0,00000000,0,0,1,0,"Inactive","No Streams"
968,968,0,00000000,0,0,1,0,"Inactive","No Streams"
969,969,0,00000000,0,0,1,0,"Inactive","No Streams"
970,970,0,00000000,0,0,1,0,"Inactive","No Streams"
971,971,0,00000000,0,0,1,0,"Inactive","No Streams"
972,972,0,00000000,0,0,1,0,"Inactive","No Streams"
973,973,0,00000000,0,0,1,0,"Inactive","No Streams"
974,974,0,00000000,0,0,1,0,"Inactive","No Streams"
975,975,0,00000000,0,0,1,0,"Inactive","No Streams"
976,976,0,00000000,0,0,1,0,"Inactive","No Streams"
977,977,0,00000000,0,0,1,0,"Inactive","No Streams"
978,978,0,00000000,0,0,1,0,"Inactive","No Streams"
979,979,0,00000000,0,0,1,0,"Inactive","No Streams"
980,980,0,00000000,0,0,1,0,"Inactive","No Streams"
981,981,0,00000000,0,0,1,0,"Inactive","No Streams"
982,982,0,00000000,0,0,1,0,"Inactive","No Streams"
983,983,0,00000000,0,0,1,0,"Inactive","No Streams"
984,984,0,00000000,0,0,1,0,"Inactive","No Streams"
985,985,0,00000000,0,0,1,0,"Inactive","No Streams"
986,986,0,00000000,0,0,1,0,"Inactive","No Streams"
987,987,0,00000000,0,0,1,0,"Inactive","No Streams"
988,988,0,00000000,0,0,1,0,"Inactive","No Streams"
989,989,0,00000000,0,0,1,0,"Inactive","No Streams"
990,990,0,00000000,0,0,1,0,"Inactive","No Streams"
991,991,0,00000000,0,0,1,0,"Inactive","No Streams"
992,992,0,00000000,0,0,1,0,"Inactive","No Streams"
993,993,0,00000000,0,0,1,0,"Inactive","No Streams"
994,994,0,00000000,0,0,1,0,"Inactive","No Streams"
995,995,0,00000000,0,0,1,0,"Inactive","No Streams"
996,996,0,00000000,0,0,1,0,"Inactive","No Streams"
997,997,0,00000000,0,0,1,0,"Inactive","No Streams"
998,998,0,00000000,0,0,1,0,"Inactive","No Streams"
999,999,0,00000000,0,0,1,0,"Inactive","No Streams"
1000,1000,0,00000000,0,0,1,0,"Inactive","No Streams"
1001,1001,0,00000000,0,0,1,0,"Inactive","No Streams"
1002,1002,0,00000000,0,0,1,0,"Inactive","No Streams"
1003,1003,0,00000000,0,0,1,0,"Inactive","No Streams"
1004,1004,0,00000000,0,0,1,0,"Inactive","No Streams"
1005,1005,0,00000000,0,0,1,0,"Inactive","No Streams"
1006,1006,0,00000000,0,0,1,0,"Inactive","No Streams"
1007,1007,0,00000000,0,0,1,0,"Inactive","No Streams"
1008,1008,0,00000000,0,0,1,0,"Inactive","No Streams"
1009,1009,0,00000000,0,0,1,0,"Inactive","No Streams"
1010,1010,0,00000000,0,0,1,0,"Inactive","No Streams"
1011,1011,0,00000000,0,0,1,0,"Inactive","No Streams"
1012,1012,0,00000000,0,0,1,0,"Inactive","No Streams"
1013,1013,0,00000000,0,0,1,0,"Inactive","No Streams"
1014,1014,0,00000000,0,0,1,0,"Inactive","No Streams"
1015,1015,0,00000000,0,0,1,0,"Inactive","No Streams"
1016,1016,0,00000000,0,0,1,0,"Inactive","No Streams"
1017,1017,0,00000000,0,0,1,0,"Inactive","No Streams"
1018,1018,0,00000000,0,0,1,0,"Inactive","No Streams"
1019,1019,0,00000000,0,0,1,0,"Inactive","No Streams"
1020,1020,0,00000000,0,0,1,0,"Inactive","No Streams"
1021,1021,0,00000000,0,0,1,0,"Inactive","No Streams"
1022,1022,0,00000000,0,0,1,0,"Inactive","No Streams"
1023,1023,0,00000000,0,0,1,0,"Inactive","No Streams"
